"depth","training_error","test_error"
1,80.6833333333333,79.8
2,66.1166666666667,61.4
3,55.8333333333333,50.8
4,44.8,40.4
5,33.6,32.5
6,25.4333333333333,27.8
7,19,22.6
8,13.4,22.1
9,8.48333333333333,22.1
10,5.25,20.6
11,3.05,21.4
12,1.66666666666667,20.9
13,0.783333333333333,20.9
14,0.466666666666667,20.9
15,0.216666666666667,20.9
16,0.1,21.1
17,0.0166666666666667,21.1
18,0,21.1
19,0,21.1
20,0,21.1
21,0,21.1
22,0,21.1
23,0,21.1
24,0,21.1
25,0,21.1
26,0,21.1
27,0,21.1
28,0,21.1
29,0,21.1
